"0","last | head"
"1","haoyunj  pts/0        101.93.71.50     Thu Jan 21 13:38 - 14:07  (00:29)    
haoyunj  pts/1        101.93.71.50     Thu Jan 21 13:08 - 13:30  (00:22)    
haoyunj  pts/0        101.93.71.50     Thu Jan 21 12:53 - 13:15  (00:22)    
haoyunj  pts/0        101.93.71.50     Thu Jan 21 12:27 - 12:50  (00:22)    
valentin pts/4        47.156.178.126   Thu Jan 21 06:17 - 06:29  (00:12)    
filipovi pts/7        110.3.236.35.bc. Thu Jan 21 06:03   still logged in   
linyuzho pts/5        s-169-232-70-224 Thu Jan 21 05:32 - 06:35  (01:02)    
kmishimo pts/6        ip174-67-246-239 Thu Jan 21 05:00 - 05:32  (00:32)    
haoyunj  pts/5        101.93.71.50     Thu Jan 21 04:59 - 05:04  (00:04)    
valentin pts/4        47.156.178.126   Thu Jan 21 04:57 - 06:15  (01:18)    
"
